{
  "K": [
    [
      5482.990301075422,
      0.0,
      240.0
    ],
    [
      0.0,
      5346.641333538767,
      160.0
    ],
    [
      0.0,
      0.0,
      1.0
    ]
  ],
  "dist": [
    0.0,
    0.0,
    0.0,
    0.0,
    0.0
  ],
  "rvec": [
    [
      1.8427123759540835
    ],
    [
      1.5052453450817427
    ],
    [
      -0.7686202777911662
    ]
  ],
  "tvec": [
    [
      -37.14240279764604
    ],
    [
      29.720527420624094
    ],
    [
      6287.059650352341
    ]
  ],
  "rms_px": 3.2100212928471517,
  "holdout_median_mm": 5.405905039845047,
  "n": 35
}