{
  "H": [
    [
      0.9522142575118869,
      3.173125351002626,
      -834.7222924686367
    ],
    [
      1.8971491440319,
      -0.9101189307932179,
      -263.7710182690834
    ],
    [
      0.001145960100858675,
      0.0016114786156541559,
      0.9999999999999999
    ]
  ],
  "n_points": 9,
  "cal_z": 5.0,
  "holdout_median_mm": 5.290212631225586
}